<?xml version="1.0" encoding="utf-8" standalone="yes" ?>
<rss version="2.0" xmlns:atom="http://www.w3.org/2005/Atom">
  <channel>
    <title>Owned And Managed on Assurance Hospitality</title>
    <link>https://lavebug.github.io/ahospitality/categories/owned-and-managed/</link>
    <description>Recent content in Owned And Managed on Assurance Hospitality</description>
    <generator>Hugo -- gohugo.io</generator>
    <language>en-us</language>
    <copyright>&amp;copy;2017 Assurance Hospitality</copyright>
    <lastBuildDate>Mon, 01 May 2017 13:50:46 +0200</lastBuildDate>
    
	<atom:link href="https://lavebug.github.io/ahospitality/categories/owned-and-managed/index.xml" rel="self" type="application/rss+xml" />
    
    
    <item>
      <title>Comfort Inn &amp; Suites</title>
      <link>https://lavebug.github.io/ahospitality/blog/camfort-inn-wvc/</link>
      <pubDate>Mon, 01 May 2017 13:50:46 +0200</pubDate>
      
      <guid>https://lavebug.github.io/ahospitality/blog/camfort-inn-wvc/</guid>
      <description>2229 W City Center CT West Valley, UT 84119</description>
    </item>
    
    <item>
      <title>Baymont Inn &amp; Suites</title>
      <link>https://lavebug.github.io/ahospitality/blog/baymount-provo/</link>
      <pubDate>Sun, 30 Apr 2017 13:50:46 +0200</pubDate>
      
      <guid>https://lavebug.github.io/ahospitality/blog/baymount-provo/</guid>
      <description>2230 North University Parkway Provo, UT 84604</description>
    </item>
    
    <item>
      <title>Sleep Inn</title>
      <link>https://lavebug.github.io/ahospitality/blog/sleep-inn/</link>
      <pubDate>Sat, 29 Apr 2017 13:50:46 +0200</pubDate>
      
      <guid>https://lavebug.github.io/ahospitality/blog/sleep-inn/</guid>
      <description>10676 S. 300 W. South Jordan, UT 84095</description>
    </item>
    
  </channel>
</rss>