<?xml version="1.0" encoding="utf-8" standalone="yes" ?>
<rss version="2.0" xmlns:atom="http://www.w3.org/2005/Atom">
  <channel>
    <title>Golang on Assurance Hospitality</title>
    <link>https://lavebug.github.io/ahospitality/tags/golang/</link>
    <description>Recent content in Golang on Assurance Hospitality</description>
    <generator>Hugo -- gohugo.io</generator>
    <language>en-us</language>
    <copyright>&amp;copy;2017 Ashurance Hospitality</copyright>
    <lastBuildDate>Fri, 02 Oct 2015 21:49:20 +0200</lastBuildDate>
    
	<atom:link href="https://lavebug.github.io/ahospitality/tags/golang/index.xml" rel="self" type="application/rss+xml" />
    
    
    <item>
      <title>Linked post</title>
      <link>https://lavebug.github.io/ahospitality/blog/linked-post/</link>
      <pubDate>Fri, 02 Oct 2015 21:49:20 +0200</pubDate>
      
      <guid>https://lavebug.github.io/ahospitality/blog/linked-post/</guid>
      <description>I&amp;rsquo;m a linked post in the menu. You can add other posts by adding the following line to the frontmatter:
menu = &amp;quot;main&amp;quot;  Lorem ipsum dolor sit amet, consectetur adipiscing elit. In mauris nulla, vestibulum vel auctor sed, posuere eu lorem. Aliquam consequat augue ut accumsan mollis. Suspendisse malesuada sodales tincidunt. Vivamus sed erat ac augue bibendum porta sed id ipsum. Ut mollis mauris eget ligula sagittis cursus. Aliquam id pharetra tellus.</description>
    </item>
    
  </channel>
</rss>