<?xml version="1.0" encoding="utf-8" standalone="yes" ?>
<rss version="2.0" xmlns:atom="http://www.w3.org/2005/Atom">
  <channel>
    <title>Starting on Assurance Hospitality</title>
    <link>https://lavebug.github.io/ahospitality/categories/starting/</link>
    <description>Recent content in Starting on Assurance Hospitality</description>
    <generator>Hugo -- gohugo.io</generator>
    <language>en-us</language>
    <copyright>&amp;copy;2017 Ashurance Hospitality</copyright>
    <lastBuildDate>Wed, 24 Jun 2015 13:50:46 +0200</lastBuildDate>
    
	<atom:link href="https://lavebug.github.io/ahospitality/categories/starting/index.xml" rel="self" type="application/rss+xml" />
    
    
    <item>
      <title>Creating a new theme</title>
      <link>https://lavebug.github.io/ahospitality/blog/creating-a-new-theme/</link>
      <pubDate>Wed, 24 Jun 2015 13:50:46 +0200</pubDate>
      
      <guid>https://lavebug.github.io/ahospitality/blog/creating-a-new-theme/</guid>
      <description>Introduction This tutorial will show you how to create a simple theme in Hugo. I assume that you are familiar with HTML, the bash command line, and that you are comfortable using Markdown to format content. I&amp;rsquo;ll explain how Hugo uses templates and how you can organize your templates to create a theme. I won&amp;rsquo;t cover using CSS to style your theme.
We&amp;rsquo;ll start with creating a new site with a very basic template.</description>
    </item>
    
  </channel>
</rss>