<?xml version="1.0" encoding="utf-8" standalone="yes" ?>
<rss version="2.0" xmlns:atom="http://www.w3.org/2005/Atom">
  <channel>
    <title>Categories on Assurance Hospitality</title>
    <link>https://lavebug.github.io/ahospitality/categories/</link>
    <description>Recent content in Categories on Assurance Hospitality</description>
    <generator>Hugo -- gohugo.io</generator>
    <language>en-us</language>
    <copyright>&amp;copy;2017 Assurance Hospitality</copyright>
    
	<atom:link href="https://lavebug.github.io/ahospitality/categories/index.xml" rel="self" type="application/rss+xml" />
    
    
    <item>
      <title>Owned And Managed</title>
      <link>https://lavebug.github.io/ahospitality/categories/owned-and-managed/</link>
      <pubDate>Mon, 01 May 2017 13:50:46 +0200</pubDate>
      
      <guid>https://lavebug.github.io/ahospitality/categories/owned-and-managed/</guid>
      <description></description>
    </item>
    
    <item>
      <title>Sold</title>
      <link>https://lavebug.github.io/ahospitality/categories/sold/</link>
      <pubDate>Fri, 28 Apr 2017 13:50:46 +0200</pubDate>
      
      <guid>https://lavebug.github.io/ahospitality/categories/sold/</guid>
      <description></description>
    </item>
    
  </channel>
</rss>