<?xml version="1.0" encoding="utf-8" standalone="yes" ?>
<rss version="2.0" xmlns:atom="http://www.w3.org/2005/Atom">
  <channel>
    <title>Tags on Assurance Hospitality</title>
    <link>https://lavebug.github.io/ahospitality/tags/</link>
    <description>Recent content in Tags on Assurance Hospitality</description>
    <generator>Hugo -- gohugo.io</generator>
    <language>en-us</language>
    <copyright>&amp;copy;2017 Assurance Hospitality</copyright>
    <lastBuildDate>Sun, 30 Apr 2017 13:50:46 +0200</lastBuildDate>
    
	<atom:link href="https://lavebug.github.io/ahospitality/tags/index.xml" rel="self" type="application/rss+xml" />
    
    
    <item>
      <title>Baymont</title>
      <link>https://lavebug.github.io/ahospitality/tags/baymont/</link>
      <pubDate>Sun, 30 Apr 2017 13:50:46 +0200</pubDate>
      
      <guid>https://lavebug.github.io/ahospitality/tags/baymont/</guid>
      <description></description>
    </item>
    
    <item>
      <title>Comfort Inn  Suites</title>
      <link>https://lavebug.github.io/ahospitality/tags/comfort-inn--suites/</link>
      <pubDate>Mon, 01 May 2017 13:50:46 +0200</pubDate>
      
      <guid>https://lavebug.github.io/ahospitality/tags/comfort-inn--suites/</guid>
      <description></description>
    </item>
    
    <item>
      <title>Ramada</title>
      <link>https://lavebug.github.io/ahospitality/tags/ramada/</link>
      <pubDate>Fri, 28 Apr 2017 13:50:46 +0200</pubDate>
      
      <guid>https://lavebug.github.io/ahospitality/tags/ramada/</guid>
      <description></description>
    </item>
    
    <item>
      <title>Sleep Inn</title>
      <link>https://lavebug.github.io/ahospitality/tags/sleep-inn/</link>
      <pubDate>Sat, 29 Apr 2017 13:50:46 +0200</pubDate>
      
      <guid>https://lavebug.github.io/ahospitality/tags/sleep-inn/</guid>
      <description></description>
    </item>
    
    <item>
      <title>Wonder Lodge</title>
      <link>https://lavebug.github.io/ahospitality/tags/wonder-lodge/</link>
      <pubDate>Wed, 26 Apr 2017 13:50:46 +0200</pubDate>
      
      <guid>https://lavebug.github.io/ahospitality/tags/wonder-lodge/</guid>
      <description></description>
    </item>
    
  </channel>
</rss>