<?xml version="1.0" encoding="utf-8" standalone="yes" ?>
<rss version="2.0" xmlns:atom="http://www.w3.org/2005/Atom">
  <channel>
    <title>Hugo on Assurance Hospitality</title>
    <link>https://lavebug.github.io/ahospitality/tags/hugo/</link>
    <description>Recent content in Hugo on Assurance Hospitality</description>
    <generator>Hugo -- gohugo.io</generator>
    <language>en-us</language>
    <copyright>&amp;copy;2017 Ashurance Hospitality</copyright>
    <lastBuildDate>Fri, 02 Oct 2015 21:49:20 +0200</lastBuildDate>
    
	<atom:link href="https://lavebug.github.io/ahospitality/tags/hugo/index.xml" rel="self" type="application/rss+xml" />
    
    
    <item>
      <title>Linked post</title>
      <link>https://lavebug.github.io/ahospitality/blog/linked-post/</link>
      <pubDate>Fri, 02 Oct 2015 21:49:20 +0200</pubDate>
      
      <guid>https://lavebug.github.io/ahospitality/blog/linked-post/</guid>
      <description>I&amp;rsquo;m a linked post in the menu. You can add other posts by adding the following line to the frontmatter:
menu = &amp;quot;main&amp;quot;  Lorem ipsum dolor sit amet, consectetur adipiscing elit. In mauris nulla, vestibulum vel auctor sed, posuere eu lorem. Aliquam consequat augue ut accumsan mollis. Suspendisse malesuada sodales tincidunt. Vivamus sed erat ac augue bibendum porta sed id ipsum. Ut mollis mauris eget ligula sagittis cursus. Aliquam id pharetra tellus.</description>
    </item>
    
    <item>
      <title>Hugo is for lovers</title>
      <link>https://lavebug.github.io/ahospitality/blog/hugo-is-for-lovers/</link>
      <pubDate>Mon, 03 Aug 2015 13:39:46 +0200</pubDate>
      
      <guid>https://lavebug.github.io/ahospitality/blog/hugo-is-for-lovers/</guid>
      <description>Step 1. Install Hugo Goto hugo releases and download the appropriate version for your os and architecture.
Save it somewhere specific as we will be using it in the next step.
More complete instructions are available at installing hugo
Step 2. Build the Docs Hugo has its own example site which happens to also be the documentation site you are reading right now.
Follow the following steps:
 Clone the hugo repository Go into the repo Run hugo in server mode and build the docs Open your browser to http://localhost:1313  Corresponding pseudo commands:</description>
    </item>
    
  </channel>
</rss>