<?xml version="1.0" encoding="utf-8" standalone="yes" ?>
<rss version="2.0" xmlns:atom="http://www.w3.org/2005/Atom">
  <channel>
    <title>Go on Assurance Hospitality</title>
    <link>https://lavebug.github.io/ahospitality/tags/go/</link>
    <description>Recent content in Go on Assurance Hospitality</description>
    <generator>Hugo -- gohugo.io</generator>
    <language>en-us</language>
    <copyright>&amp;copy;2017 Ashurance Hospitality</copyright>
    <lastBuildDate>Thu, 17 Sep 2015 13:47:08 +0200</lastBuildDate>
    
	<atom:link href="https://lavebug.github.io/ahospitality/tags/go/index.xml" rel="self" type="application/rss+xml" />
    
    
    <item>
      <title>Go is for lovers</title>
      <link>https://lavebug.github.io/ahospitality/blog/go-is-for-lovers/</link>
      <pubDate>Thu, 17 Sep 2015 13:47:08 +0200</pubDate>
      
      <guid>https://lavebug.github.io/ahospitality/blog/go-is-for-lovers/</guid>
      <description>Hugo uses the excellent go html/template library for its template engine. It is an extremely lightweight engine that provides a very small amount of logic. In our experience that it is just the right amount of logic to be able to create a good static website. If you have used other template systems from different languages or frameworks you will find a lot of similarities in go templates.
This document is a brief primer on using go templates.</description>
    </item>
    
  </channel>
</rss>