<?xml version="1.0" encoding="utf-8" standalone="yes" ?>
<rss version="2.0" xmlns:atom="http://www.w3.org/2005/Atom">
  <channel>
    <title>Lorem on Assurance Hospitality</title>
    <link>https://lavebug.github.io/ahospitality/categories/lorem/</link>
    <description>Recent content in Lorem on Assurance Hospitality</description>
    <generator>Hugo -- gohugo.io</generator>
    <language>en-us</language>
    <copyright>&amp;copy;2017 Ashurance Hospitality</copyright>
    <lastBuildDate>Sat, 10 Oct 2015 13:07:31 +0200</lastBuildDate>
    
	<atom:link href="https://lavebug.github.io/ahospitality/categories/lorem/index.xml" rel="self" type="application/rss+xml" />
    
    
    <item>
      <title>Migrate from Jekyll</title>
      <link>https://lavebug.github.io/ahospitality/blog/migrate-from-jekyll/</link>
      <pubDate>Sat, 10 Oct 2015 13:07:31 +0200</pubDate>
      
      <guid>https://lavebug.github.io/ahospitality/blog/migrate-from-jekyll/</guid>
      <description>Move static content to static Jekyll has a rule that any directory not starting with _ will be copied as-is to the _site output. Hugo keeps all static content under static. You should therefore move it all there. With Jekyll, something that looked like
▾ &amp;lt;root&amp;gt;/ ▾ images/ logo.png  should become
▾ &amp;lt;root&amp;gt;/ ▾ static/ ▾ images/ logo.png  Additionally, you&amp;rsquo;ll want any files that should reside at the root (such as CNAME) to be moved to static.</description>
    </item>
    
  </channel>
</rss>